<?xml version='1.0' encoding='utf-8'?>
<Context docBase="{{ .Env.PEGA_DEPLOYMENT_DIR }}">
  <!-- When including prconfig settings as JNDI environment entries, make sure that:
    1. JNDI names are unique.
    2. No JNDI names are wholely included as the prefix to another JNDI name.
       Ie, 'abc/feature1' and 'abc/feature1/threshold' can't be bound to objects.
  -->

  {{ if .Env.PEGA_SEARCH_TYPE }}
  <Environment name="prconfig/database/databases/pegasearch/searchDeploymentType" value="{{ .Env.PEGA_SEARCH_TYPE }}" type="java.lang.String" />
  {{ end }}

  {{ if .Env.PEGA_SEARCH_URL }}
  <Environment name="prconfig/database/databases/pegasearch/searchEndpoint" value="{{ .Env.PEGA_SEARCH_URL }}" type="java.lang.String"/>
  {{ end }}

  {{ if .Env.PEGA_STREAM_URL }}
  <Environment name="prconfig/services/stream/validate" value="true" type="java.lang.String"/>
  <Environment name="prconfig/services/stream/provider" value="StreamService" type="java.lang.String"/>
  <Environment name="prconfig/services/stream/provider_url" value="{{ .Env.PEGA_STREAM_URL }}" type="java.lang.String"/>
  {{ end }}

  {{ if isTrue .Env.CASSANDRA_CLUSTER }}
  <Environment name="prconfig/dnode/external_cassandra_cluster" value="{{ .Env.CASSANDRA_CLUSTER }}" type="java.lang.String"/>
  <Environment name="prconfig/dnode/external_cassandra_nodes" value="{{ default .Env.CASSANDRA_NODES "" }}" type="java.lang.String"/>
  <Environment name="prconfig/dnode/external_cassandra_port" value="{{ default .Env.CASSANDRA_PORT "9042" }}" type="java.lang.String"/>
  <Environment name="prconfig/dnode/cassandra_username" value="{{ default .Env.SECRET_CASSANDRA_USERNAME "dnode_ext" }}" type="java.lang.String"/>
  <Environment name="prconfig/dnode/cassandra_password" value="{{ default .Env.SECRET_CASSANDRA_PASSWORD "dnode_ext" }}" type="java.lang.String"/>
  {{ end }}

  {{ if isTrue .Env.CASSANDRA_CLIENT_ENCRYPTION}}
  <Environment name="prconfig/dnode/cassandra_client_encryption/enabled" value="{{ .Env.CASSANDRA_CLIENT_ENCRYPTION }}"  type="java.lang.String"/>
  {{ if .Env.CASSANDRA_TRUSTSTORE -}}
  <Environment name="prconfig/dnode/cassandra_client_encryption/truststore" value="{{ .Env.CASSANDRA_TRUSTSTORE }}"  type="java.lang.String"/>
  <Environment name="prconfig/dnode/cassandra_client_encryption/truststore_password" value="{{ .Env.SECRET_CASSANDRA_TRUSTSTORE_PASSWORD }}"  type="java.lang.String"/>
  {{- end }}
  {{ if .Env.CASSANDRA_KEYSTORE -}}
  <Environment name="prconfig/dnode/cassandra_client_encryption/keystore" value="{{ .Env.CASSANDRA_KEYSTORE }}"  type="java.lang.String"/>
  <Environment name="prconfig/dnode/cassandra_client_encryption/keystore_password" value="{{.Env.SECRET_CASSANDRA_KEYSTORE_PASSWORD }}"  type="java.lang.String"/>
  {{- end }}
  {{ end }}

  {{- if isTrue .Env.CASSANDRA_ASYNC_PROCESSING_ENABLED }}
  <Environment name="prconfig/dnode/save_dds_async_processing_enabled" value="{{ .Env.CASSANDRA_ASYNC_PROCESSING_ENABLED }}"  type="java.lang.String"/>
  {{- end }}
  {{- if .Env.CASSANDRA_KEYSPACES_PREFIX }}
  <Environment name="prconfig/dnode/keyspaces_prefix" value="{{ .Env.CASSANDRA_KEYSPACES_PREFIX }}"  type="java.lang.String"/>
  {{- end }}
  {{- if isTrue .Env.CASSANDRA_EXTENDED_TOKEN_AWARE_POLICY }}
  <Environment name="prconfig/dnode/cassandra_use_extended_token_aware_policy" value="{{ .Env.CASSANDRA_EXTENDED_TOKEN_AWARE_POLICY }}"  type="java.lang.String"/>
  {{- end }}
  {{- if isTrue .Env.CASSANDRA_LATENCY_AWARE_POLICY }}
  <Environment name="prconfig/dnode/cassandra_latency_aware_policy" value="{{ .Env.CASSANDRA_LATENCY_AWARE_POLICY }}"  type="java.lang.String"/>
  {{- end }}
  {{- if isTrue .Env.CASSANDRA_CUSTOM_RETRY_POLICY }}
  <Environment name="prconfig/dnode/cassandra_custom_retry_policy" value="{{ .Env.CASSANDRA_CUSTOM_RETRY_POLICY }}"  type="java.lang.String"/>
  {{- end }}
  {{- if isTrue .Env.CASSANDRA_SPECULATIVE_EXECUTION_POLICY }}
  <Environment name="prconfig/dnode/cassandra_speculative_execution_policy" value="{{ .Env.CASSANDRA_SPECULATIVE_EXECUTION_POLICY }}"  type="java.lang.String"/>
  {{- end }}
  {{- if .Env.CASSANDRA_JMX_METRICS_ENABLED }}
  <Environment name="prconfig/dnode/ddsclient/metrics/jmx_enabled" value="{{ .Env.CASSANDRA_JMX_METRICS_ENABLED }}"  type="java.lang.String"/>
  {{- end }}
  {{- if isTrue .Env.CASSANDRA_CSV_METRICS_ENABLED }}
  <Environment name="prconfig/dnode/ddsclient/metrics/csv_enabled" value="{{ .Env.CASSANDRA_CSV_METRICS_ENABLED }}"  type="java.lang.String"/>
  {{- end }}
  {{- if isTrue .Env.CASSANDRA_LOG_METRICS_ENABLED }}
  <Environment name="prconfig/dnode/ddsclient/metrics/log_enabled" value="{{ .Env.CASSANDRA_LOG_METRICS_ENABLED }}"  type="java.lang.String"/>
  {{- end }}

  <Environment name="prconfig/session/ha/quiesce/strategy/shutdownquiesce" value="true" type="java.lang.String"/>
  <Environment name="prconfig/session/ha/enabled" value="true" type="java.lang.String"/>
  <Environment name="prconfig/dsm/services/stream/pyBaseLogPath" value="/opt/pega/kafkadata/data" type="java.lang.String" />
  <Environment name="prconfig/cloud/isNodeAgnosticAdminStudio" value="true" type="java.lang.String"/>

  {{ if isTrue .Env.HZ_CLIENT_MODE }}
  <Environment name="prconfig/cluster/clientserver/clientmode" value="{{ .Env.HZ_CLIENT_MODE }}" type="java.lang.String"/>
  <Environment name="prconfig/cluster/clientserver/hzOnK8s" value="{{ .Env.HZ_DISCOVERY_K8S }}" type="java.lang.String"/>
  <Environment name="prconfig/identification/cluster/name" value="{{ .Env.HZ_CLUSTER_NAME }}" type="java.lang.String"/>
  <Environment name="prconfig/cluster/clientserver/server/hostname" value="{{ .Env.HZ_SERVER_HOSTNAME }}" type="java.lang.String"/>
  <Environment name="prconfig/cluster/clientserver/authentication/username" value="{{ .Env.SECRET_HZ_CS_AUTH_USERNAME }}" type="java.lang.String"/>
  <Environment name="prconfig/cluster/clientserver/authentication/password" value="{{ .Env.SECRET_HZ_CS_AUTH_PASSWORD }}" type="java.lang.String"/>
  {{ end }}
  {{- if .Env.EXTERNAL_STREAM -}}
  <Environment name="prconfig/services/stream/validate" value="true" type="java.lang.String"/>
  <Environment name="prconfig/services/stream/provider" value="ExternalKafka" type="java.lang.String" />
  <Environment name="prconfig/services/stream/broker/url" value="{{ .Env.STREAM_BOOTSTRAP_SERVERS }}" type="java.lang.String" />
  <Environment name="prconfig/services/stream/encryption/security/protocol" value="{{ .Env.STREAM_SECURITY_PROTOCOL }}" type="java.lang.String" />
  <Environment name="prconfig/services/stream/encryption/sasl/mechanism" value="{{ .Env.STREAM_SASL_MECHANISM }}" type="java.lang.String" />
  {{- if .Env.STREAM_TRUSTSTORE }}
  <Environment name="prconfig/services/stream/encryption/truststore/path" value="{{ .Env.STREAM_TRUSTSTORE }}" type="java.lang.String"/>
  {{- end }}
  {{- if .Env.STREAM_TRUSTSTORE_TYPE }}
  <Environment name="prconfig/services/stream/encryption/truststore/type" value="{{ .Env.STREAM_TRUSTSTORE_TYPE }}" type="java.lang.String" />
  {{- end }}
  {{- if .Env.SECRET_STREAM_TRUSTSTORE_PASSWORD }}
  <Environment name="prconfig/services/stream/encryption/truststore/password" value="{{ .Env.SECRET_STREAM_TRUSTSTORE_PASSWORD }}" type="java.lang.String"/>
  {{- end }}
  {{- if .Env.STREAM_KEYSTORE }}
  <Environment name="prconfig/services/stream/encryption/keystore/path" value="{{ .Env.STREAM_KEYSTORE }}" type="java.lang.String"/>
  {{- end }}
  {{- if .Env.STREAM_KEYSTORE_TYPE }}
  <Environment name="prconfig/services/stream/encryption/keystore/type" value="{{ .Env.STREAM_KEYSTORE_TYPE }}" type="java.lang.String" />
  {{- end }}
  {{- if .Env.SECRET_STREAM_KEYSTORE_PASSWORD }}
  <Environment name="prconfig/services/stream/encryption/keystore/password" value="{{ .Env.SECRET_STREAM_KEYSTORE_PASSWORD }}" type="java.lang.String"/>
  {{- end }}
  {{- if .Env.SECRET_STREAM_JAAS_CONFIG }}
  <Environment name="prconfig/services/stream/encryption/sasl/jaas/config" value="{{ .Env.SECRET_STREAM_JAAS_CONFIG }}" type="java.lang.String"/>
  {{- end }}
  {{- if .Env.STREAM_NAME_PATTERN }}
  <Environment name="prconfig/services/stream/name/pattern" value="{{ .Env.STREAM_NAME_PATTERN }}" type="java.lang.String" />
  {{- end }}
  {{- if .Env.STREAM_REPLICATION_FACTOR }}
  <Environment name="prconfig/services/stream/external/replication/factor" value="{{ .Env.STREAM_REPLICATION_FACTOR }}" type="java.lang.String" />
  {{- end }}
  {{- end }}

</Context>
